Dataset,Tau,Communities,Avg. size
Algebra,ground_truth,32,29.53
Algebra,tau_0,17,24.88
Algebra,tau_2,10,42.3
Geometry,ground_truth,25,48.76
Geometry,tau_0,30,19.33
Geometry,tau_2,21,27.62
Restaurants-Rev,ground_truth,9,77.0
Restaurants-Rev,tau_0,13,43.46
Restaurants-Rev,tau_2,7,80.71
Music-Rev,ground_truth,7,171.43
Music-Rev,tau_0,63,17.56
Music-Rev,tau_2,24,46.08
Bars-Rev,ground_truth,15,91.67
Bars-Rev,tau_0,71,17.38
Bars-Rev,tau_2,37,33.35
contact-primary-school,ground_truth,11,22.0
contact-primary-school,tau_0,9,26.89
contact-primary-school,tau_2,6,40.33
