dataset,strategy,p,K_removed,remaining_nodes,timestep,mean_infected_count,mean_infected_pct
Geometry,degree,0.2,116,464,0,1.0,0.21551724137931033
Geometry,degree,0.2,116,464,1,1.278448275862069,0.27552764565992865
Geometry,degree,0.2,116,464,2,1.6676724137931034,0.3594121581450654
Geometry,degree,0.2,116,464,3,2.1605603448275863,0.46563800535077293
Geometry,degree,0.2,116,464,4,2.783405172413793,0.5998718043995244
Geometry,degree,0.2,116,464,5,3.626939655172414,0.7816680291319857
Geometry,degree,0.2,116,464,6,4.730603448275862,1.0195266052318668
Geometry,degree,0.2,116,464,7,6.247198275862069,1.346378938763377
Geometry,degree,0.2,116,464,8,8.125,1.7510775862068966
Geometry,degree,0.2,116,464,9,10.50926724137931,2.264928284780024
Geometry,degree,0.2,116,464,10,13.367887931034483,2.8810103299643286
Geometry,degree,0.2,116,464,11,16.91810344827586,3.6461429845422115
Geometry,degree,0.2,116,464,12,20.98103448275862,4.521774673008323
Geometry,degree,0.2,116,464,13,25.78965517241379,5.558115338882282
Geometry,degree,0.2,116,464,14,31.23383620689655,6.731430217003568
Geometry,degree,0.2,116,464,15,37.370258620689654,8.053935047562426
Geometry,degree,0.2,116,464,16,44.029741379310344,9.489168400713437
Geometry,degree,0.2,116,464,17,51.25560344827586,11.04646626040428
Geometry,degree,0.2,116,464,18,59.07241379310345,12.731123662306778
Geometry,degree,0.2,116,464,19,67.23685344827587,14.490701174197385
Geometry,degree,0.2,116,464,20,75.76293103448276,16.328217895362663
Geometry,degree,0.2,116,464,21,84.62629310344828,18.23842523781213
Geometry,degree,0.2,116,464,22,93.79568965517241,20.214588287752676
Geometry,degree,0.2,116,464,23,103.02090517241379,22.202781287158142
Geometry,degree,0.2,116,464,24,112.35948275862069,24.215405766944112
Geometry,degree,0.2,116,464,25,121.67478448275862,26.223013897146256
Geometry,PHG_core_boundary_strategy,0.2,116,464,0,1.0,0.21551724137931033
Geometry,PHG_core_boundary_strategy,0.2,116,464,1,1.3441810344827587,0.2896941884661118
Geometry,PHG_core_boundary_strategy,0.2,116,464,2,1.8415948275862069,0.39689543697978596
Geometry,PHG_core_boundary_strategy,0.2,116,464,3,2.453448275862069,0.5287604042806183
Geometry,PHG_core_boundary_strategy,0.2,116,464,4,3.3230603448275864,0.7161767984542212
Geometry,PHG_core_boundary_strategy,0.2,116,464,5,4.460344827586207,0.961281212841855
Geometry,PHG_core_boundary_strategy,0.2,116,464,6,5.998275862068965,1.292731866825208
Geometry,PHG_core_boundary_strategy,0.2,116,464,7,8.044612068965517,1.7337526010701543
Geometry,PHG_core_boundary_strategy,0.2,116,464,8,10.728879310344828,2.312258472057075
Geometry,PHG_core_boundary_strategy,0.2,116,464,9,14.082112068965516,3.034937945897741
Geometry,PHG_core_boundary_strategy,0.2,116,464,10,18.285775862068967,3.940899970273484
Geometry,PHG_core_boundary_strategy,0.2,116,464,11,23.393318965517242,5.041663570154578
Geometry,PHG_core_boundary_strategy,0.2,116,464,12,29.34762931034483,6.32492010998811
Geometry,PHG_core_boundary_strategy,0.2,116,464,13,36.339008620689654,7.831682892390012
Geometry,PHG_core_boundary_strategy,0.2,116,464,14,44.372844827586206,9.563113109393578
Geometry,PHG_core_boundary_strategy,0.2,116,464,15,53.31293103448276,11.489855826397147
Geometry,PHG_core_boundary_strategy,0.2,116,464,16,63.07306034482759,13.593331970868014
Geometry,PHG_core_boundary_strategy,0.2,116,464,17,73.5478448275862,15.850828626634957
Geometry,PHG_core_boundary_strategy,0.2,116,464,18,84.66487068965517,18.246739372770513
Geometry,PHG_core_boundary_strategy,0.2,116,464,19,96.16788793103449,20.725837916171226
Geometry,PHG_core_boundary_strategy,0.2,116,464,20,108.0165948275862,23.27943854042806
Geometry,PHG_core_boundary_strategy,0.2,116,464,21,119.90280172413793,25.841121061236624
Geometry,PHG_core_boundary_strategy,0.2,116,464,22,131.99202586206897,28.44655729785969
Geometry,PHG_core_boundary_strategy,0.2,116,464,23,144.02586206896552,31.0400564803805
Geometry,PHG_core_boundary_strategy,0.2,116,464,24,155.98793103448276,33.61808858501784
Geometry,PHG_core_boundary_strategy,0.2,116,464,25,167.78922413793103,36.16147071938168
Geometry,PHG_community_influence,0.2,116,464,0,1.0,0.21551724137931033
Geometry,PHG_community_influence,0.2,116,464,1,1.4325431034482758,0.30873773781212843
Geometry,PHG_community_influence,0.2,116,464,2,2.029741379310345,0.43744426278240195
Geometry,PHG_community_influence,0.2,116,464,3,2.763146551724138,0.5955057223543401
Geometry,PHG_community_influence,0.2,116,464,4,3.7349137931034484,0.8049383174791914
Geometry,PHG_community_influence,0.2,116,464,5,5.092887931034483,1.097605157550535
Geometry,PHG_community_influence,0.2,116,464,6,6.862715517241379,1.479033516646849
Geometry,PHG_community_influence,0.2,116,464,7,9.108189655172414,1.9629719084423305
Geometry,PHG_community_influence,0.2,116,464,8,12.046336206896552,2.59619314803805
Geometry,PHG_community_influence,0.2,116,464,9,15.685991379310344,3.3806015903686086
Geometry,PHG_community_influence,0.2,116,464,10,20.17866379310345,4.348849955410226
Geometry,PHG_community_influence,0.2,116,464,11,25.61314655172414,5.520074687871582
Geometry,PHG_community_influence,0.2,116,464,12,31.931896551724137,6.881874256837098
Geometry,PHG_community_influence,0.2,116,464,13,39.15646551724138,8.438893430439952
Geometry,PHG_community_influence,0.2,116,464,14,47.19159482758621,10.170602333531509
Geometry,PHG_community_influence,0.2,116,464,15,56.20150862068966,12.112394099286563
Geometry,PHG_community_influence,0.2,116,464,16,65.9103448275862,14.204815695600475
Geometry,PHG_community_influence,0.2,116,464,17,76.30883620689656,16.445869872175983
Geometry,PHG_community_influence,0.2,116,464,18,87.25818965517242,18.805644322235434
Geometry,PHG_community_influence,0.2,116,464,19,98.56616379310344,21.242707714030914
Geometry,PHG_community_influence,0.2,116,464,20,110.20107758620689,23.750232238406657
Geometry,PHG_community_influence,0.2,116,464,21,122.04676724137931,26.303182595124852
Geometry,PHG_community_influence,0.2,116,464,22,133.99978448275863,28.879263897146256
Geometry,PHG_community_influence,0.2,116,464,23,145.90409482758622,31.444848023186683
Geometry,PHG_community_influence,0.2,116,464,24,157.62715517241378,33.97136964922711
Geometry,PHG_community_influence,0.2,116,464,25,169.18469827586208,36.46221945600475
Geometry,degree,0.1,58,522,0,1.0,0.19157088122605365
Geometry,degree,0.1,58,522,1,1.3291187739463601,0.2546204547789962
Geometry,degree,0.1,58,522,2,2.0191570881226055,0.38681170270548
Geometry,degree,0.1,58,522,3,2.959961685823755,0.5670424685486121
Geometry,degree,0.1,58,522,4,4.375095785440613,0.8381409550652515
Geometry,degree,0.1,58,522,5,6.367432950191571,1.2198147414160099
Geometry,degree,0.1,58,522,6,9.29904214559387,1.7814256983896302
Geometry,degree,0.1,58,522,7,13.267241379310345,2.5416171224732462
Geometry,degree,0.1,58,522,8,18.622605363984675,3.5675489203035777
Geometry,degree,0.1,58,522,9,25.57145593869732,4.898746348409448
Geometry,degree,0.1,58,522,10,34.144444444444446,6.541081311196254
Geometry,degree,0.1,58,522,11,44.384291187739464,8.502737775429017
Geometry,degree,0.1,58,522,12,56.35536398467433,10.796046740359065
Geometry,degree,0.1,58,522,13,69.66475095785441,13.345737731389734
Geometry,degree,0.1,58,522,14,84.00689655172414,16.09327520147972
Geometry,degree,0.1,58,522,15,98.96724137931035,18.959241643546044
Geometry,degree,0.1,58,522,16,114.15268199233716,21.868329883589496
Geometry,degree,0.1,58,522,17,129.3793103448276,24.7853084951777
Geometry,degree,0.1,58,522,18,144.5538314176245,27.692304869276725
Geometry,degree,0.1,58,522,19,159.44827586206895,30.545646716871445
Geometry,degree,0.1,58,522,20,173.96379310344827,33.32639714625446
Geometry,degree,0.1,58,522,21,188.0494252873563,36.024794116351785
Geometry,degree,0.1,58,522,22,201.7300766283525,38.64560854949282
Geometry,degree,0.1,58,522,23,214.86896551724138,41.16263707226846
Geometry,degree,0.1,58,522,24,227.56475095785441,43.5947798769836
Geometry,degree,0.1,58,522,25,239.78544061302682,45.9359081634151
Geometry,PHG_community_influence,0.1,58,522,0,1.0,0.19157088122605365
Geometry,PHG_community_influence,0.1,58,522,1,1.3415708812260536,0.25700591594368843
Geometry,PHG_community_influence,0.1,58,522,2,1.9818007662835249,0.3796553192114032
Geometry,PHG_community_influence,0.1,58,522,3,2.869157088122605,0.5496469517476255
Geometry,PHG_community_influence,0.1,58,522,4,4.267816091954023,0.8175892896463645
Geometry,PHG_community_influence,0.1,58,522,5,6.212835249042145,1.1901983235712923
Geometry,PHG_community_influence,0.1,58,522,6,9.009578544061302,1.7259729011611689
Geometry,PHG_community_influence,0.1,58,522,7,12.80191570881226,2.4524742737188236
Geometry,PHG_community_influence,0.1,58,522,8,17.96954022988506,3.4424406570661032
Geometry,PHG_community_influence,0.1,58,522,9,24.79712643678161,4.750407363368124
Geometry,PHG_community_influence,0.1,58,522,10,33.464750957854406,6.410871831006592
Geometry,PHG_community_influence,0.1,58,522,11,44.16149425287356,8.460056370282292
Geometry,PHG_community_influence,0.1,58,522,12,56.66245210727969,10.854875882620629
Geometry,PHG_community_influence,0.1,58,522,13,70.67931034482758,13.54009776720835
Geometry,PHG_community_influence,0.1,58,522,14,85.9103448275862,16.457920465054826
Geometry,PHG_community_influence,0.1,58,522,15,101.74386973180077,19.49116278386988
Geometry,PHG_community_influence,0.1,58,522,16,118.1015325670498,22.6248146680172
Geometry,PHG_community_influence,0.1,58,522,17,134.44980842911878,25.75666828144038
Geometry,PHG_community_influence,0.1,58,522,18,150.53180076628354,28.837509725341675
Geometry,PHG_community_influence,0.1,58,522,19,166.25593869731802,31.849796685309965
Geometry,PHG_community_influence,0.1,58,522,20,181.59923371647508,34.789125233041204
Geometry,PHG_community_influence,0.1,58,522,21,196.4021072796935,37.62492476622481
Geometry,PHG_community_influence,0.1,58,522,22,210.66532567049808,40.35734208247089
Geometry,PHG_community_influence,0.1,58,522,23,224.5155172413793,43.01063548685428
Geometry,PHG_community_influence,0.1,58,522,24,237.73429118773947,45.54296766048649
Geometry,PHG_community_influence,0.1,58,522,25,250.40785440613027,47.970853334507716
Geometry,PHG_core_boundary_strategy,0.1,58,522,0,1.0,0.19157088122605365
Geometry,PHG_core_boundary_strategy,0.1,58,522,1,1.3385057471264368,0.25641872550314876
Geometry,PHG_core_boundary_strategy,0.1,58,522,2,2.1,0.40229885057471265
Geometry,PHG_core_boundary_strategy,0.1,58,522,3,3.092337164750958,0.5924017556994172
Geometry,PHG_core_boundary_strategy,0.1,58,522,4,4.612452107279694,0.883611514804539
Geometry,PHG_core_boundary_strategy,0.1,58,522,5,6.8021072796934865,1.3030856857650357
Geometry,PHG_core_boundary_strategy,0.1,58,522,6,9.843295019157088,1.8856887009879477
Geometry,PHG_core_boundary_strategy,0.1,58,522,7,14.021455938697319,2.6861026702485282
Geometry,PHG_core_boundary_strategy,0.1,58,522,8,19.72509578544061,3.778753981885175
Geometry,PHG_core_boundary_strategy,0.1,58,522,9,27.223180076628353,5.215168597055239
Geometry,PHG_core_boundary_strategy,0.1,58,522,10,36.58429118773947,7.008484901865798
Geometry,PHG_core_boundary_strategy,0.1,58,522,11,47.766666666666666,9.150702426564497
Geometry,PHG_core_boundary_strategy,0.1,58,522,12,60.9191570881226,11.670336606920038
Geometry,PHG_core_boundary_strategy,0.1,58,522,13,75.52394636015326,14.468188957883767
Geometry,PHG_core_boundary_strategy,0.1,58,522,14,91.45268199233716,17.519670879758078
Geometry,PHG_core_boundary_strategy,0.1,58,522,15,107.96015325670498,20.68202169668678
Geometry,PHG_core_boundary_strategy,0.1,58,522,16,124.84731800766284,23.917110729437326
Geometry,PHG_core_boundary_strategy,0.1,58,522,17,141.70459770114942,27.146474655392613
Geometry,PHG_core_boundary_strategy,0.1,58,522,18,158.36647509578543,30.338405190763492
Geometry,PHG_core_boundary_strategy,0.1,58,522,19,174.69750957854407,33.46695585795864
Geometry,PHG_core_boundary_strategy,0.1,58,522,20,190.46130268199235,36.48683959425141
Geometry,PHG_core_boundary_strategy,0.1,58,522,21,205.85344827586206,39.43552648962875
Geometry,PHG_core_boundary_strategy,0.1,58,522,22,220.57088122605364,42.254958089282304
Geometry,PHG_core_boundary_strategy,0.1,58,522,23,234.80747126436782,44.98227418857621
Geometry,PHG_core_boundary_strategy,0.1,58,522,24,248.4852490421456,47.60253813067923
Geometry,PHG_core_boundary_strategy,0.1,58,522,25,261.5463601532567,50.10466669602619
Geometry,PHG_community_influence,0.05,29,551,0,1.0,0.18148820326678766
Geometry,PHG_community_influence,0.05,29,551,1,1.6482758620689655,0.29914262469491204
Geometry,PHG_community_influence,0.05,29,551,2,2.670235934664247,0.4846163220806256
Geometry,PHG_community_influence,0.05,29,551,3,4.203992740471869,0.7629750890148582
Geometry,PHG_community_influence,0.05,29,551,4,6.515789473684211,1.1825389244435953
Geometry,PHG_community_influence,0.05,29,551,5,10.003811252268603,1.8155737299943018
Geometry,PHG_community_influence,0.05,29,551,6,15.260254083484574,2.769556095006275
Geometry,PHG_community_influence,0.05,29,551,7,22.896914700544464,4.1555199093547115
Geometry,PHG_community_influence,0.05,29,551,8,33.37241379310345,6.056699417986106
Geometry,PHG_community_influence,0.05,29,551,9,46.94373865698729,8.519734783482267
Geometry,PHG_community_influence,0.05,29,551,10,63.75771324863884,11.571272821894526
Geometry,PHG_community_influence,0.05,29,551,11,83.10254083484574,15.082130823021007
Geometry,PHG_community_influence,0.05,29,551,12,104.25372050816696,18.920820418905077
Geometry,PHG_community_influence,0.05,29,551,13,126.26134301270417,22.914944285427254
Geometry,PHG_community_influence,0.05,29,551,14,148.24791288566243,26.90524734767013
Geometry,PHG_community_influence,0.05,29,551,15,169.75970961887478,30.809384685821193
Geometry,PHG_community_influence,0.05,29,551,16,190.61052631578949,34.593561944789386
Geometry,PHG_community_influence,0.05,29,551,17,210.32087114337568,38.17075701331682
Geometry,PHG_community_influence,0.05,29,551,18,229.03901996370237,41.56788021119825
Geometry,PHG_community_influence,0.05,29,551,19,246.5961887477314,44.75429922826341
Geometry,PHG_community_influence,0.05,29,551,20,263.10762250453723,47.75092967414469
Geometry,PHG_community_influence,0.05,29,551,21,278.57059891107076,50.55727747932319
Geometry,PHG_community_influence,0.05,29,551,22,293.0470054446461,53.184574490861365
Geometry,PHG_community_influence,0.05,29,551,23,306.63702359346644,55.6510024670538
Geometry,PHG_community_influence,0.05,29,551,24,319.3535390199637,57.95890000362318
Geometry,PHG_community_influence,0.05,29,551,25,331.3941923774955,60.14413654763983
Geometry,PHG_core_boundary_strategy,0.05,29,551,0,1.0,0.18148820326678766
Geometry,PHG_core_boundary_strategy,0.05,29,551,1,1.6602540834845736,0.30131653057796254
Geometry,PHG_core_boundary_strategy,0.05,29,551,2,2.6575317604355715,0.4823106643258751
Geometry,PHG_core_boundary_strategy,0.05,29,551,3,4.167695099818512,0.756387495429857
Geometry,PHG_core_boundary_strategy,0.05,29,551,4,6.486932849364791,1.1773017875435192
Geometry,PHG_core_boundary_strategy,0.05,29,551,5,9.974954627949183,1.8103365930942255
Geometry,PHG_core_boundary_strategy,0.05,29,551,6,15.167150635208712,2.7526589174607463
Geometry,PHG_core_boundary_strategy,0.05,29,551,7,22.650453720508168,4.110790148912553
Geometry,PHG_core_boundary_strategy,0.05,29,551,8,32.939201451905625,5.978076488549115
Geometry,PHG_core_boundary_strategy,0.05,29,551,9,46.31705989110708,8.405999980237219
Geometry,PHG_core_boundary_strategy,0.05,29,551,10,62.699818511796735,11.379277406859662
Geometry,PHG_core_boundary_strategy,0.05,29,551,11,81.47422867513612,14.786611374797843
Geometry,PHG_core_boundary_strategy,0.05,29,551,12,102.23284936479129,18.554056146060127
Geometry,PHG_core_boundary_strategy,0.05,29,551,13,124.10780399274047,22.524102358029122
Geometry,PHG_core_boundary_strategy,0.05,29,551,14,146.21669691470055,26.536605610653456
Geometry,PHG_core_boundary_strategy,0.05,29,551,15,168.02722323049002,30.494958844009076
Geometry,PHG_core_boundary_strategy,0.05,29,551,16,189.0486388384755,34.310097792826774
Geometry,PHG_core_boundary_strategy,0.05,29,551,17,209.10417422867513,37.949940876347576
Geometry,PHG_core_boundary_strategy,0.05,29,551,18,228.0174228675136,41.382472389748386
Geometry,PHG_core_boundary_strategy,0.05,29,551,19,245.82686025408347,44.614675182229306
Geometry,PHG_core_boundary_strategy,0.05,29,551,20,262.59745916515425,47.658341046307484
Geometry,PHG_core_boundary_strategy,0.05,29,551,21,278.25390199637025,50.49980072529406
Geometry,PHG_core_boundary_strategy,0.05,29,551,22,292.99854809437386,53.175780053425385
Geometry,PHG_core_boundary_strategy,0.05,29,551,23,306.7961887477314,55.679889064924026
Geometry,PHG_core_boundary_strategy,0.05,29,551,24,319.8597096188748,58.05076399616602
Geometry,PHG_core_boundary_strategy,0.05,29,551,25,332.01941923774956,60.25760784714148
Geometry,random,0.2,116,464,0,1.0,0.21551724137931033
Geometry,random,0.2,116,464,1,1.685991379310345,0.363360211058264
Geometry,random,0.2,116,464,2,2.698706896551724,0.5816178656361474
Geometry,random,0.2,116,464,3,4.275431034482758,0.9214291022592151
Geometry,random,0.2,116,464,4,6.833189655172414,1.4726701843043997
Geometry,random,0.2,116,464,5,10.673491379310345,2.3003214179548155
Geometry,random,0.2,116,464,6,16.30603448275862,3.5142315695600472
Geometry,random,0.2,116,464,7,24.04978448275862,5.183143207491082
Geometry,random,0.2,116,464,8,34.025862068965516,7.333159928656361
Geometry,random,0.2,116,464,9,46.38254310344828,9.996237737812129
Geometry,random,0.2,116,464,10,60.81487068965517,13.10665316587396
Geometry,random,0.2,116,464,11,76.89590517241379,16.572393356123662
Geometry,random,0.2,116,464,12,94.25862068965517,20.31435790725327
Geometry,random,0.2,116,464,13,112.14568965517242,24.169329667063025
Geometry,random,0.2,116,464,14,130.1103448275862,28.041022592152196
Geometry,random,0.2,116,464,15,147.69439655172414,31.83068891200951
Geometry,random,0.2,116,464,16,164.79547413793102,35.51626597800237
Geometry,random,0.2,116,464,17,181.1383620689655,39.03844010107015
Geometry,random,0.2,116,464,18,196.62219827586208,42.375473766349586
Geometry,random,0.2,116,464,19,211.17844827586208,45.512596611177166
Geometry,random,0.2,116,464,20,224.8081896551724,48.45004087395957
Geometry,random,0.2,116,464,21,237.45172413793102,51.17494054696789
Geometry,random,0.2,116,464,22,249.34310344827585,53.73773781212842
Geometry,random,0.2,116,464,23,260.4344827586207,56.1281212841855
Geometry,random,0.2,116,464,24,270.8379310344828,58.37024375743164
Geometry,random,0.2,116,464,25,280.4284482758621,60.43716557669441
Geometry,degree,0.05,29,551,0,1.0,0.18148820326678766
Geometry,degree,0.05,29,551,1,1.539201451905626,0.279346905971983
Geometry,degree,0.05,29,551,2,2.512159709618875,0.4559273520179446
Geometry,degree,0.05,29,551,3,3.972776769509982,0.7210121178783997
Geometry,degree,0.05,29,551,4,6.320871143375681,1.1471635468921382
Geometry,degree,0.05,29,551,5,9.945916515426497,1.8050665182262244
Geometry,degree,0.05,29,551,6,15.430127041742287,2.8003860329840813
Geometry,degree,0.05,29,551,7,23.27114337568058,4.223437999216077
Geometry,degree,0.05,29,551,8,34.065880217785846,6.182555393427559
Geometry,degree,0.05,29,551,9,48.136842105263156,8.736268984621264
Geometry,degree,0.05,29,551,10,65.12050816696915,11.818604023043402
Geometry,degree,0.05,29,551,11,84.38348457350273,15.314607000635702
Geometry,degree,0.05,29,551,12,105.17731397459166,19.088441737675435
Geometry,degree,0.05,29,551,13,126.5464609800363,22.966689833037442
Geometry,degree,0.05,29,551,14,147.88130671506352,26.838712652461616
Geometry,degree,0.05,29,551,15,168.48656987295826,30.578324840827268
Geometry,degree,0.05,29,551,16,188.09110707803993,34.13631707405443
Geometry,degree,0.05,29,551,17,206.67568058076225,37.509197927543056
Geometry,degree,0.05,29,551,18,224.03103448275863,40.65898992427561
Geometry,degree,0.05,29,551,19,240.38439201451905,43.6269314000942
Geometry,degree,0.05,29,551,20,255.73847549909257,46.41351642451771
Geometry,degree,0.05,29,551,21,270.3043557168784,49.0570518542429
Geometry,degree,0.05,29,551,22,284.0502722323049,51.55177354488293
Geometry,degree,0.05,29,551,23,297.175499092559,53.93384738521942
Geometry,degree,0.05,29,551,24,309.68275862068964,56.20376744477126
Geometry,degree,0.05,29,551,25,321.53865698729584,58.35547313744026
Geometry,random,0.1,58,522,0,1.0,0.19157088122605365
Geometry,random,0.1,58,522,1,1.4492337164750957,0.2776309801676428
Geometry,random,0.1,58,522,2,2.2984674329501917,0.4403194315996536
Geometry,random,0.1,58,522,3,3.696934865900383,0.7082250700958589
Geometry,random,0.1,58,522,4,6.071264367816092,1.1630774650988682
Geometry,random,0.1,58,522,5,9.718199233716476,1.8617239911334245
Geometry,random,0.1,58,522,6,15.072988505747126,2.8875456907561543
Geometry,random,0.1,58,522,7,22.793869731800765,4.366641711072943
Geometry,random,0.1,58,522,8,33.296743295019155,6.378686454984512
Geometry,random,0.1,58,522,9,46.487739463601535,8.905697215249337
Geometry,random,0.1,58,522,10,62.01973180076628,11.881174674476298
Geometry,random,0.1,58,522,11,79.74099616858237,15.276052905858691
Geometry,random,0.1,58,522,12,98.8088122605364,18.92889123765065
Geometry,random,0.1,58,522,13,118.7977011494253,22.758180296824772
Geometry,random,0.1,58,522,14,139.01800766283526,26.631802234259627
Geometry,random,0.1,58,522,15,158.74214559386974,30.410372719132134
Geometry,random,0.1,58,522,16,177.81513409961687,34.06420193479251
Geometry,random,0.1,58,522,17,196.2383141762452,37.59354677705847
Geometry,random,0.1,58,522,18,213.7375478927203,40.94589040090427
Geometry,random,0.1,58,522,19,230.27049808429118,44.113122238369954
Geometry,random,0.1,58,522,20,245.8360153256705,47.09502209304032
Geometry,random,0.1,58,522,21,260.45900383141765,49.89636088724476
Geometry,random,0.1,58,522,22,274.15019157088125,52.51919378752515
Geometry,random,0.1,58,522,23,287.09578544061304,54.99919261314426
Geometry,random,0.1,58,522,24,299.19348659003833,57.3167598831491
Geometry,random,0.1,58,522,25,310.47394636015326,59.477767501945074
Geometry,random,0.05,29,551,0,1.0,0.18148820326678766
Geometry,random,0.05,29,551,1,1.768421052631579,0.3209475594612666
Geometry,random,0.05,29,551,2,3.15480943738657,0.5725606964403939
Geometry,random,0.05,29,551,3,5.523411978221415,1.002434115829658
Geometry,random,0.05,29,551,4,9.511433756805808,1.7262130230137582
Geometry,random,0.05,29,551,5,15.813611615245009,2.8699839592096206
Geometry,random,0.05,29,551,6,25.348638838475498,4.600478918053629
Geometry,random,0.05,29,551,7,39.05426497277677,7.087888379814296
Geometry,random,0.05,29,551,8,56.92377495462795,10.330993639678395
Geometry,random,0.05,29,551,9,78.35045372050817,14.219683070872625
Geometry,random,0.05,29,551,10,102.35589836660617,18.576388088313276
Geometry,random,0.05,29,551,11,127.48620689655172,23.137242630953125
Geometry,random,0.05,29,551,12,153.03248638838477,27.77359099607709
Geometry,random,0.05,29,551,13,177.9212341197822,32.29060510340875
Geometry,random,0.05,29,551,14,201.29854809437387,36.533311813860955
Geometry,random,0.05,29,551,15,223.16170598911071,40.50121705791483
Geometry,random,0.05,29,551,16,243.38711433756805,44.17189007941344
Geometry,random,0.05,29,551,17,261.9764065335753,47.54562732006811
Geometry,random,0.05,29,551,18,279.1912885662432,50.669925329626714
Geometry,random,0.05,29,551,19,295.0288566243194,53.54425710060244
Geometry,random,0.05,29,551,20,309.57549909255897,56.18430110572758
Geometry,random,0.05,29,551,21,323.0978221415608,58.638443219883996
Geometry,random,0.05,29,551,22,335.5622504537205,60.90058991900553
Geometry,random,0.05,29,551,23,347.17168784029036,63.00756585123238
Geometry,random,0.05,29,551,24,357.91052631578947,64.95653835132295
Geometry,random,0.05,29,551,25,367.84954627949185,66.76035322676803
