dataset,strategy,p,K_removed,remaining_nodes,n_replicates,final_mean_infected_pct,final_std_infected_pct,final_sem_infected_pct
Algebra,count_communities_in_hedges,0.05,21,402,4020,18.486547362689045,15.783573619143416,0.2489386406600263
Algebra,count_ic_hedges,0.05,21,402,4020,15.058352516026831,14.763341695265122,0.23284753515903966
Algebra,degree,0.05,21,402,4020,14.648028514145688,14.186174987109014,0.2237444575398914
Algebra,filtered_hyperdegree,0.05,21,402,4020,15.632905126110739,14.931361578343726,0.23549754600618483
Algebra,hyperdegree,0.05,21,402,4020,15.152904631073486,14.739930508959342,0.23247829375428383
Algebra,random,0.05,21,402,4020,22.66948837900052,17.213795507186457,0.2714961109289788
Algebra,responsibility_weighted_hdeg,0.05,21,402,4020,15.485817182743002,14.911184022457231,0.23517930544448254
Algebra,count_communities_in_hedges,0.1,42,381,3810,14.025805829389437,13.368620690075563,0.21658287446270827
Algebra,count_ic_hedges,0.1,42,381,3810,10.71975255061621,11.971046850520306,0.19394100538271639
Algebra,degree,0.1,42,381,3810,8.421752399060354,9.352768255787682,0.15152269482264866
Algebra,filtered_hyperdegree,0.1,42,381,3810,11.890108224660894,12.700703232189477,0.20576205111178592
Algebra,hyperdegree,0.1,42,381,3810,11.79641914839385,12.689129426111784,0.20557454574029746
Algebra,random,0.1,42,381,3810,20.072540145080293,15.837050424821026,0.25657350773404325
Algebra,responsibility_weighted_hdeg,0.1,42,381,3810,11.840301458380695,12.660510837220231,0.2051109005828131
Algebra,count_communities_in_hedges,0.2,84,339,3390,8.963635889002012,10.261981240289542,0.17625090972467952
Algebra,count_ic_hedges,0.2,84,339,3390,6.183204114130577,8.021401829732117,0.13776865662225715
Algebra,degree,0.2,84,339,3390,3.9269585193306704,4.98553886806231,0.08562730143316248
Algebra,filtered_hyperdegree,0.2,84,339,3390,6.940419940654884,8.77539870162315,0.1507186544334603
Algebra,hyperdegree,0.2,84,339,3390,6.5019448142637115,8.399501877070257,0.1442625758518748
Algebra,random,0.2,84,339,3390,16.381862322813063,14.06564932347541,0.24157942127176574
Algebra,responsibility_weighted_hdeg,0.2,84,339,3390,6.803978385151538,8.56995056430322,0.14719005500845717
