dataset,p,strategy,K,remaining_nodes,timestep,mean_infected
Bars-Rev,0.05,degree,61,1173,0,1
Bars-Rev,0.05,degree,61,1173,1,1.6781756180733163
Bars-Rev,0.05,degree,61,1173,2,2.5398124467178174
Bars-Rev,0.05,degree,61,1173,3,3.8430520034100595
Bars-Rev,0.05,degree,61,1173,4,5.9710997442455245
Bars-Rev,0.05,degree,61,1173,5,9.541261722080137
Bars-Rev,0.05,degree,61,1173,6,15.114407502131288
Bars-Rev,0.05,degree,61,1173,7,24.21091219096334
Bars-Rev,0.05,degree,61,1173,8,38.667774936061384
Bars-Rev,0.05,degree,61,1173,9,58.81611253196931
Bars-Rev,0.05,degree,61,1173,10,84.39607843137254
Bars-Rev,0.05,degree,61,1173,11,114.7994032395567
Bars-Rev,0.05,degree,61,1173,12,147.00690537084398
Bars-Rev,0.05,degree,61,1173,13,177.72080136402388
Bars-Rev,0.05,degree,61,1173,14,205.3392156862745
Bars-Rev,0.05,degree,61,1173,15,229.43580562659847
Bars-Rev,0.05,degree,61,1173,16,250.6617220801364
Bars-Rev,0.05,degree,61,1173,17,269.97331628303493
Bars-Rev,0.05,degree,61,1173,18,288.243989769821
Bars-Rev,0.05,degree,61,1173,19,306.3179028132992
Bars-Rev,0.05,degree,61,1173,20,324.7438192668372
Bars-Rev,0.05,degree,61,1173,21,343.6346973572038
Bars-Rev,0.05,degree,61,1173,22,363.02463768115945
Bars-Rev,0.05,degree,61,1173,23,382.7705882352941
Bars-Rev,0.05,degree,61,1173,24,402.315515771526
Bars-Rev,0.05,degree,61,1173,25,421.109462915601
Bars-Rev,0.05,hyperdegree,61,1173,0,1
Bars-Rev,0.05,hyperdegree,61,1173,1,1.7115089514066497
Bars-Rev,0.05,hyperdegree,61,1173,2,2.6736572890025574
Bars-Rev,0.05,hyperdegree,61,1173,3,4.182182438192668
Bars-Rev,0.05,hyperdegree,61,1173,4,6.665302642796249
Bars-Rev,0.05,hyperdegree,61,1173,5,10.93000852514919
Bars-Rev,0.05,hyperdegree,61,1173,6,17.784398976982096
Bars-Rev,0.05,hyperdegree,61,1173,7,29.28840579710145
Bars-Rev,0.05,hyperdegree,61,1173,8,46.96862745098039
Bars-Rev,0.05,hyperdegree,61,1173,9,70.82608695652173
Bars-Rev,0.05,hyperdegree,61,1173,10,100.34109121909633
Bars-Rev,0.05,hyperdegree,61,1173,11,133.55856777493605
Bars-Rev,0.05,hyperdegree,61,1173,12,166.15694799658993
Bars-Rev,0.05,hyperdegree,61,1173,13,195.3307757885763
Bars-Rev,0.05,hyperdegree,61,1173,14,220.3763000852515
Bars-Rev,0.05,hyperdegree,61,1173,15,241.6688832054561
Bars-Rev,0.05,hyperdegree,61,1173,16,260.2474850809889
Bars-Rev,0.05,hyperdegree,61,1173,17,277.33512361466325
Bars-Rev,0.05,hyperdegree,61,1173,18,293.86581415174766
Bars-Rev,0.05,hyperdegree,61,1173,19,310.58857630008526
Bars-Rev,0.05,hyperdegree,61,1173,20,327.6071611253197
Bars-Rev,0.05,hyperdegree,61,1173,21,345.00400682011934
Bars-Rev,0.05,hyperdegree,61,1173,22,362.7006820119352
Bars-Rev,0.05,hyperdegree,61,1173,23,380.415515771526
Bars-Rev,0.05,hyperdegree,61,1173,24,397.54910485933505
Bars-Rev,0.05,hyperdegree,61,1173,25,413.8279624893436
Bars-Rev,0.05,random,61,1173,0,1
Bars-Rev,0.05,random,61,1173,1,1.8077578857630008
Bars-Rev,0.05,random,61,1173,2,2.936402387041773
Bars-Rev,0.05,random,61,1173,3,4.883375959079284
Bars-Rev,0.05,random,61,1173,4,8.206649616368287
Bars-Rev,0.05,random,61,1173,5,13.99309462915601
Bars-Rev,0.05,random,61,1173,6,23.969053708439898
Bars-Rev,0.05,random,61,1173,7,40.734185848252345
Bars-Rev,0.05,random,61,1173,8,65.10255754475703
Bars-Rev,0.05,random,61,1173,9,97.37621483375959
Bars-Rev,0.05,random,61,1173,10,136.02966751918157
Bars-Rev,0.05,random,61,1173,11,176.66479113384483
Bars-Rev,0.05,random,61,1173,12,215.33333333333334
Bars-Rev,0.05,random,61,1173,13,250.3855924978687
Bars-Rev,0.05,random,61,1173,14,281.47408354646205
Bars-Rev,0.05,random,61,1173,15,309.13640238704176
Bars-Rev,0.05,random,61,1173,16,334.88670076726345
Bars-Rev,0.05,random,61,1173,17,359.63614663256607
Bars-Rev,0.05,random,61,1173,18,383.97936913895995
Bars-Rev,0.05,random,61,1173,19,408.192242114237
Bars-Rev,0.05,random,61,1173,20,431.6753623188406
Bars-Rev,0.05,random,61,1173,21,453.9911338448423
Bars-Rev,0.05,random,61,1173,22,475.23341858482524
Bars-Rev,0.05,random,61,1173,23,495.3433077578858
Bars-Rev,0.05,random,61,1173,24,514.2503836317136
Bars-Rev,0.05,random,61,1173,25,531.8774083546461
Bars-Rev,0.05,ept_total_strength,61,1173,0,1
Bars-Rev,0.05,ept_total_strength,61,1173,1,1.6820971867007672
Bars-Rev,0.05,ept_total_strength,61,1173,2,2.539471440750213
Bars-Rev,0.05,ept_total_strength,61,1173,3,3.8182438192668373
Bars-Rev,0.05,ept_total_strength,61,1173,4,5.881159420289855
Bars-Rev,0.05,ept_total_strength,61,1173,5,9.282011935208866
Bars-Rev,0.05,ept_total_strength,61,1173,6,14.621227621483376
Bars-Rev,0.05,ept_total_strength,61,1173,7,23.217391304347824
Bars-Rev,0.05,ept_total_strength,61,1173,8,36.77749360613811
Bars-Rev,0.05,ept_total_strength,61,1173,9,55.94160272804774
Bars-Rev,0.05,ept_total_strength,61,1173,10,80.54356351236147
Bars-Rev,0.05,ept_total_strength,61,1173,11,110.40443307757886
Bars-Rev,0.05,ept_total_strength,61,1173,12,143.08755328218243
Bars-Rev,0.05,ept_total_strength,61,1173,13,175.32523444160273
Bars-Rev,0.05,ept_total_strength,61,1173,14,205.30170502983802
Bars-Rev,0.05,ept_total_strength,61,1173,15,232.5391304347826
Bars-Rev,0.05,ept_total_strength,61,1173,16,257.1757885763001
Bars-Rev,0.05,ept_total_strength,61,1173,17,280.0166240409207
Bars-Rev,0.05,ept_total_strength,61,1173,18,301.66837169650466
Bars-Rev,0.05,ept_total_strength,61,1173,19,322.9914748508099
Bars-Rev,0.05,ept_total_strength,61,1173,20,344.4137254901961
Bars-Rev,0.05,ept_total_strength,61,1173,21,365.8245524296675
Bars-Rev,0.05,ept_total_strength,61,1173,22,387.3768115942029
Bars-Rev,0.05,ept_total_strength,61,1173,23,408.62063086104007
Bars-Rev,0.05,ept_total_strength,61,1173,24,428.94859335038365
Bars-Rev,0.05,ept_total_strength,61,1173,25,448.152600170503
Bars-Rev,0.05,ept_bridge_in_strength,61,1173,0,1
Bars-Rev,0.05,ept_bridge_in_strength,61,1173,1,1.6891730605285593
Bars-Rev,0.05,ept_bridge_in_strength,61,1173,2,2.582608695652174
Bars-Rev,0.05,ept_bridge_in_strength,61,1173,3,3.937936913895993
Bars-Rev,0.05,ept_bridge_in_strength,61,1173,4,6.1877237851662406
Bars-Rev,0.05,ept_bridge_in_strength,61,1173,5,9.957971014492754
Bars-Rev,0.05,ept_bridge_in_strength,61,1173,6,15.877237851662404
Bars-Rev,0.05,ept_bridge_in_strength,61,1173,7,25.572890025575447
Bars-Rev,0.05,ept_bridge_in_strength,61,1173,8,40.891304347826086
Bars-Rev,0.05,ept_bridge_in_strength,61,1173,9,61.94381926683717
Bars-Rev,0.05,ept_bridge_in_strength,61,1173,10,88.48678601875532
Bars-Rev,0.05,ept_bridge_in_strength,61,1173,11,119.7386189258312
Bars-Rev,0.05,ept_bridge_in_strength,61,1173,12,152.2522591645354
Bars-Rev,0.05,ept_bridge_in_strength,61,1173,13,182.86351236146632
Bars-Rev,0.05,ept_bridge_in_strength,61,1173,14,210.19846547314577
Bars-Rev,0.05,ept_bridge_in_strength,61,1173,15,234.01969309462916
Bars-Rev,0.05,ept_bridge_in_strength,61,1173,16,255.25473145780052
Bars-Rev,0.05,ept_bridge_in_strength,61,1173,17,274.72796248934355
Bars-Rev,0.05,ept_bridge_in_strength,61,1173,18,293.3159420289855
Bars-Rev,0.05,ept_bridge_in_strength,61,1173,19,311.81858482523444
Bars-Rev,0.05,ept_bridge_in_strength,61,1173,20,330.38968456948
Bars-Rev,0.05,ept_bridge_in_strength,61,1173,21,349.2338448422847
Bars-Rev,0.05,ept_bridge_in_strength,61,1173,22,368.2083546462063
Bars-Rev,0.05,ept_bridge_in_strength,61,1173,23,387.07885763000854
Bars-Rev,0.05,ept_bridge_in_strength,61,1173,24,405.33938618925833
Bars-Rev,0.05,ept_bridge_in_strength,61,1173,25,422.55907928388746
Bars-Rev,0.05,avg_hyperedge_size,61,1173,0,1
Bars-Rev,0.05,avg_hyperedge_size,61,1173,1,1.7473
Bars-Rev,0.05,avg_hyperedge_size,61,1173,2,2.777
Bars-Rev,0.05,avg_hyperedge_size,61,1173,3,4.4645
Bars-Rev,0.05,avg_hyperedge_size,61,1173,4,7.3296
Bars-Rev,0.05,avg_hyperedge_size,61,1173,5,12.1832
Bars-Rev,0.05,avg_hyperedge_size,61,1173,6,20.3048
Bars-Rev,0.05,avg_hyperedge_size,61,1173,7,33.8174
Bars-Rev,0.05,avg_hyperedge_size,61,1173,8,53.9476
Bars-Rev,0.05,avg_hyperedge_size,61,1173,9,80.4547
Bars-Rev,0.05,avg_hyperedge_size,61,1173,10,112.9526
Bars-Rev,0.05,avg_hyperedge_size,61,1173,11,149.0047
Bars-Rev,0.05,avg_hyperedge_size,61,1173,12,184.7538
Bars-Rev,0.05,avg_hyperedge_size,61,1173,13,218.744
Bars-Rev,0.05,avg_hyperedge_size,61,1173,14,250.0777
Bars-Rev,0.05,avg_hyperedge_size,61,1173,15,279.0063
Bars-Rev,0.05,avg_hyperedge_size,61,1173,16,305.8492
Bars-Rev,0.05,avg_hyperedge_size,61,1173,17,331.5843
Bars-Rev,0.05,avg_hyperedge_size,61,1173,18,356.7416
Bars-Rev,0.05,avg_hyperedge_size,61,1173,19,381.3699
Bars-Rev,0.05,avg_hyperedge_size,61,1173,20,405.4815
Bars-Rev,0.05,avg_hyperedge_size,61,1173,21,428.7058
Bars-Rev,0.05,avg_hyperedge_size,61,1173,22,450.4523
Bars-Rev,0.05,avg_hyperedge_size,61,1173,23,470.7513
Bars-Rev,0.05,avg_hyperedge_size,61,1173,24,489.6912
Bars-Rev,0.05,avg_hyperedge_size,61,1173,25,507.3089
Bars-Rev,0.05,ic_hedge_count,61,1173,0,1
Bars-Rev,0.05,ic_hedge_count,61,1173,1,1.6973572037510656
Bars-Rev,0.05,ic_hedge_count,61,1173,2,2.586530264279625
Bars-Rev,0.05,ic_hedge_count,61,1173,3,3.974765558397272
Bars-Rev,0.05,ic_hedge_count,61,1173,4,6.248081841432225
Bars-Rev,0.05,ic_hedge_count,61,1173,5,10.110485933503837
Bars-Rev,0.05,ic_hedge_count,61,1173,6,16.199829497016196
Bars-Rev,0.05,ic_hedge_count,61,1173,7,26.253708439897697
Bars-Rev,0.05,ic_hedge_count,61,1173,8,42.0229326513214
Bars-Rev,0.05,ic_hedge_count,61,1173,9,63.62037510656437
Bars-Rev,0.05,ic_hedge_count,61,1173,10,90.48627450980392
Bars-Rev,0.05,ic_hedge_count,61,1173,11,121.72685421994885
Bars-Rev,0.05,ic_hedge_count,61,1173,12,153.46265984654733
Bars-Rev,0.05,ic_hedge_count,61,1173,13,182.4839727195226
Bars-Rev,0.05,ic_hedge_count,61,1173,14,207.7
Bars-Rev,0.05,ic_hedge_count,61,1173,15,229.21662404092072
Bars-Rev,0.05,ic_hedge_count,61,1173,16,247.89156010230178
Bars-Rev,0.05,ic_hedge_count,61,1173,17,264.7992327365729
Bars-Rev,0.05,ic_hedge_count,61,1173,18,280.85848252344414
Bars-Rev,0.05,ic_hedge_count,61,1173,19,296.93520886615516
Bars-Rev,0.05,ic_hedge_count,61,1173,20,313.4788576300085
Bars-Rev,0.05,ic_hedge_count,61,1173,21,330.7042625745951
Bars-Rev,0.05,ic_hedge_count,61,1173,22,348.5895993179881
Bars-Rev,0.05,ic_hedge_count,61,1173,23,367.06547314578006
Bars-Rev,0.05,ic_hedge_count,61,1173,24,385.8447570332481
Bars-Rev,0.05,ic_hedge_count,61,1173,25,404.4392156862745
Bars-Rev,0.1,degree,123,1111,0,1
Bars-Rev,0.1,degree,123,1111,1,1.5905490549054906
Bars-Rev,0.1,degree,123,1111,2,2.2932493249324932
Bars-Rev,0.1,degree,123,1111,3,3.212151215121512
Bars-Rev,0.1,degree,123,1111,4,4.683348334833483
Bars-Rev,0.1,degree,123,1111,5,6.87020702070207
Bars-Rev,0.1,degree,123,1111,6,10.286858685868587
Bars-Rev,0.1,degree,123,1111,7,15.175697569756975
Bars-Rev,0.1,degree,123,1111,8,22.726102610261027
Bars-Rev,0.1,degree,123,1111,9,33.77578757875788
Bars-Rev,0.1,degree,123,1111,10,48.67479747974797
Bars-Rev,0.1,degree,123,1111,11,66.76606660666067
Bars-Rev,0.1,degree,123,1111,12,87.33996399639965
Bars-Rev,0.1,degree,123,1111,13,109.16273627362736
Bars-Rev,0.1,degree,123,1111,14,130.23150315031504
Bars-Rev,0.1,degree,123,1111,15,149.32781278127814
Bars-Rev,0.1,degree,123,1111,16,165.64347434743473
Bars-Rev,0.1,degree,123,1111,17,179.12682268226823
Bars-Rev,0.1,degree,123,1111,18,190.3201620162016
Bars-Rev,0.1,degree,123,1111,19,199.8845184518452
Bars-Rev,0.1,degree,123,1111,20,208.26138613861386
Bars-Rev,0.1,degree,123,1111,21,216.14023402340234
Bars-Rev,0.1,degree,123,1111,22,223.83303330333032
Bars-Rev,0.1,degree,123,1111,23,231.67191719171916
Bars-Rev,0.1,degree,123,1111,24,239.83465346534655
Bars-Rev,0.1,degree,123,1111,25,248.51989198919892
Bars-Rev,0.1,hyperdegree,123,1111,0,1
Bars-Rev,0.1,hyperdegree,123,1111,1,1.621962196219622
Bars-Rev,0.1,hyperdegree,123,1111,2,2.4131413141314133
Bars-Rev,0.1,hyperdegree,123,1111,3,3.5051305130513053
Bars-Rev,0.1,hyperdegree,123,1111,4,5.307200720072007
Bars-Rev,0.1,hyperdegree,123,1111,5,8.13843384338434
Bars-Rev,0.1,hyperdegree,123,1111,6,12.614581458145814
Bars-Rev,0.1,hyperdegree,123,1111,7,19.484698469846986
Bars-Rev,0.1,hyperdegree,123,1111,8,30.372367236723672
Bars-Rev,0.1,hyperdegree,123,1111,9,46.12394239423942
Bars-Rev,0.1,hyperdegree,123,1111,10,66.12673267326733
Bars-Rev,0.1,hyperdegree,123,1111,11,90.01899189918991
Bars-Rev,0.1,hyperdegree,123,1111,12,116.13717371737174
Bars-Rev,0.1,hyperdegree,123,1111,13,141.67506750675068
Bars-Rev,0.1,hyperdegree,123,1111,14,164.42493249324932
Bars-Rev,0.1,hyperdegree,123,1111,15,183.5008100810081
Bars-Rev,0.1,hyperdegree,123,1111,16,198.98145814581457
Bars-Rev,0.1,hyperdegree,123,1111,17,211.42691269126914
Bars-Rev,0.1,hyperdegree,123,1111,18,221.86804680468046
Bars-Rev,0.1,hyperdegree,123,1111,19,231.23366336633663
Bars-Rev,0.1,hyperdegree,123,1111,20,240.3016201620162
Bars-Rev,0.1,hyperdegree,123,1111,21,249.46102610261025
Bars-Rev,0.1,hyperdegree,123,1111,22,259.0001800180018
Bars-Rev,0.1,hyperdegree,123,1111,23,269.0012601260126
Bars-Rev,0.1,hyperdegree,123,1111,24,279.56885688568855
Bars-Rev,0.1,hyperdegree,123,1111,25,290.7259225922592
Bars-Rev,0.1,random,123,1111,0,1
Bars-Rev,0.1,random,123,1111,1,1.7857785778577857
Bars-Rev,0.1,random,123,1111,2,2.851125112511251
Bars-Rev,0.1,random,123,1111,3,4.632223222322232
Bars-Rev,0.1,random,123,1111,4,7.65085508550855
Bars-Rev,0.1,random,123,1111,5,12.821692169216922
Bars-Rev,0.1,random,123,1111,6,21.395139513951396
Bars-Rev,0.1,random,123,1111,7,35.81395139513951
Bars-Rev,0.1,random,123,1111,8,57.18172817281728
Bars-Rev,0.1,random,123,1111,9,85.3898289828983
Bars-Rev,0.1,random,123,1111,10,119.52511251125112
Bars-Rev,0.1,random,123,1111,11,156.77299729972998
Bars-Rev,0.1,random,123,1111,12,192.68298829882988
Bars-Rev,0.1,random,123,1111,13,225.31728172817282
Bars-Rev,0.1,random,123,1111,14,254.05112511251124
Bars-Rev,0.1,random,123,1111,15,279.7158415841584
Bars-Rev,0.1,random,123,1111,16,302.7200720072007
Bars-Rev,0.1,random,123,1111,17,324.37380738073807
Bars-Rev,0.1,random,123,1111,18,345.3735373537354
Bars-Rev,0.1,random,123,1111,19,365.97110711071105
Bars-Rev,0.1,random,123,1111,20,386.33735373537354
Bars-Rev,0.1,random,123,1111,21,406.5784878487849
Bars-Rev,0.1,random,123,1111,22,426.3749774977498
Bars-Rev,0.1,random,123,1111,23,445.2035103510351
Bars-Rev,0.1,random,123,1111,24,462.9933393339334
Bars-Rev,0.1,random,123,1111,25,479.73654365436545
Bars-Rev,0.1,ept_total_strength,123,1111,0,1
Bars-Rev,0.1,ept_total_strength,123,1111,1,1.592979297929793
Bars-Rev,0.1,ept_total_strength,123,1111,2,2.2850585058505852
Bars-Rev,0.1,ept_total_strength,123,1111,3,3.18010801080108
Bars-Rev,0.1,ept_total_strength,123,1111,4,4.628622862286228
Bars-Rev,0.1,ept_total_strength,123,1111,5,6.716381638163816
Bars-Rev,0.1,ept_total_strength,123,1111,6,9.975967596759675
Bars-Rev,0.1,ept_total_strength,123,1111,7,14.51872187218722
Bars-Rev,0.1,ept_total_strength,123,1111,8,21.469576957695768
Bars-Rev,0.1,ept_total_strength,123,1111,9,31.673537353735373
Bars-Rev,0.1,ept_total_strength,123,1111,10,45.712601260126014
Bars-Rev,0.1,ept_total_strength,123,1111,11,63.17884788478848
Bars-Rev,0.1,ept_total_strength,123,1111,12,83.84419441944195
Bars-Rev,0.1,ept_total_strength,123,1111,13,107.11971197119712
Bars-Rev,0.1,ept_total_strength,123,1111,14,131.55598559855986
Bars-Rev,0.1,ept_total_strength,123,1111,15,155.77164716471648
Bars-Rev,0.1,ept_total_strength,123,1111,16,178.87200720072008
Bars-Rev,0.1,ept_total_strength,123,1111,17,200.53690369036903
Bars-Rev,0.1,ept_total_strength,123,1111,18,221.03015301530152
Bars-Rev,0.1,ept_total_strength,123,1111,19,240.54941494149415
Bars-Rev,0.1,ept_total_strength,123,1111,20,259.66408640864086
Bars-Rev,0.1,ept_total_strength,123,1111,21,278.7092709270927
Bars-Rev,0.1,ept_total_strength,123,1111,22,297.65940594059407
Bars-Rev,0.1,ept_total_strength,123,1111,23,316.4907290729073
Bars-Rev,0.1,ept_total_strength,123,1111,24,335.1632763276328
Bars-Rev,0.1,ept_total_strength,123,1111,25,353.5482448244824
Bars-Rev,0.1,ept_bridge_in_strength,123,1111,0,1
Bars-Rev,0.1,ept_bridge_in_strength,123,1111,1,1.607920792079208
Bars-Rev,0.1,ept_bridge_in_strength,123,1111,2,2.359315931593159
Bars-Rev,0.1,ept_bridge_in_strength,123,1111,3,3.382988298829883
Bars-Rev,0.1,ept_bridge_in_strength,123,1111,4,5.0136813681368135
Bars-Rev,0.1,ept_bridge_in_strength,123,1111,5,7.5176417641764175
Bars-Rev,0.1,ept_bridge_in_strength,123,1111,6,11.444734473447344
Bars-Rev,0.1,ept_bridge_in_strength,123,1111,7,17.17749774977498
Bars-Rev,0.1,ept_bridge_in_strength,123,1111,8,26.194509450945095
Bars-Rev,0.1,ept_bridge_in_strength,123,1111,9,39.304410441044105
Bars-Rev,0.1,ept_bridge_in_strength,123,1111,10,56.29261926192619
Bars-Rev,0.1,ept_bridge_in_strength,123,1111,11,76.4992799279928
Bars-Rev,0.1,ept_bridge_in_strength,123,1111,12,99.08118811881188
Bars-Rev,0.1,ept_bridge_in_strength,123,1111,13,122.3116111611161
Bars-Rev,0.1,ept_bridge_in_strength,123,1111,14,144.43645364536454
Bars-Rev,0.1,ept_bridge_in_strength,123,1111,15,164.26921692169216
Bars-Rev,0.1,ept_bridge_in_strength,123,1111,16,181.7003600360036
Bars-Rev,0.1,ept_bridge_in_strength,123,1111,17,197.07767776777678
Bars-Rev,0.1,ept_bridge_in_strength,123,1111,18,211.03681368136813
Bars-Rev,0.1,ept_bridge_in_strength,123,1111,19,224.199099909991
Bars-Rev,0.1,ept_bridge_in_strength,123,1111,20,237.34248424842485
Bars-Rev,0.1,ept_bridge_in_strength,123,1111,21,250.77389738973898
Bars-Rev,0.1,ept_bridge_in_strength,123,1111,22,264.86408640864084
Bars-Rev,0.1,ept_bridge_in_strength,123,1111,23,279.56597659765976
Bars-Rev,0.1,ept_bridge_in_strength,123,1111,24,294.72016201620164
Bars-Rev,0.1,ept_bridge_in_strength,123,1111,25,310.2178217821782
Bars-Rev,0.1,avg_hyperedge_size,123,1111,0,1
Bars-Rev,0.1,avg_hyperedge_size,123,1111,1,1.6561
Bars-Rev,0.1,avg_hyperedge_size,123,1111,2,2.4967
Bars-Rev,0.1,avg_hyperedge_size,123,1111,3,3.7258
Bars-Rev,0.1,avg_hyperedge_size,123,1111,4,5.7097
Bars-Rev,0.1,avg_hyperedge_size,123,1111,5,9.0323
Bars-Rev,0.1,avg_hyperedge_size,123,1111,6,14.0957
Bars-Rev,0.1,avg_hyperedge_size,123,1111,7,22.1458
Bars-Rev,0.1,avg_hyperedge_size,123,1111,8,34.5402
Bars-Rev,0.1,avg_hyperedge_size,123,1111,9,51.8116
Bars-Rev,0.1,avg_hyperedge_size,123,1111,10,73.5275
Bars-Rev,0.1,avg_hyperedge_size,123,1111,11,99.6062
Bars-Rev,0.1,avg_hyperedge_size,123,1111,12,128.4815
Bars-Rev,0.1,avg_hyperedge_size,123,1111,13,158.2384
Bars-Rev,0.1,avg_hyperedge_size,123,1111,14,187.2801
Bars-Rev,0.1,avg_hyperedge_size,123,1111,15,215.0116
Bars-Rev,0.1,avg_hyperedge_size,123,1111,16,241.5605
Bars-Rev,0.1,avg_hyperedge_size,123,1111,17,267.049
Bars-Rev,0.1,avg_hyperedge_size,123,1111,18,291.7783
Bars-Rev,0.1,avg_hyperedge_size,123,1111,19,315.6387
Bars-Rev,0.1,avg_hyperedge_size,123,1111,20,338.6493
Bars-Rev,0.1,avg_hyperedge_size,123,1111,21,360.8928
Bars-Rev,0.1,avg_hyperedge_size,123,1111,22,382.2376
Bars-Rev,0.1,avg_hyperedge_size,123,1111,23,402.7394
Bars-Rev,0.1,avg_hyperedge_size,123,1111,24,422.3383
Bars-Rev,0.1,avg_hyperedge_size,123,1111,25,440.705
Bars-Rev,0.1,ic_hedge_count,123,1111,0,1
Bars-Rev,0.1,ic_hedge_count,123,1111,1,1.608190819081908
Bars-Rev,0.1,ic_hedge_count,123,1111,2,2.348784878487849
Bars-Rev,0.1,ic_hedge_count,123,1111,3,3.3425742574257424
Bars-Rev,0.1,ic_hedge_count,123,1111,4,4.966876687668766
Bars-Rev,0.1,ic_hedge_count,123,1111,5,7.452115211521152
Bars-Rev,0.1,ic_hedge_count,123,1111,6,11.385778577857785
Bars-Rev,0.1,ic_hedge_count,123,1111,7,17.173807380738072
Bars-Rev,0.1,ic_hedge_count,123,1111,8,26.29153915391539
Bars-Rev,0.1,ic_hedge_count,123,1111,9,39.60693069306931
Bars-Rev,0.1,ic_hedge_count,123,1111,10,57.02286228622862
Bars-Rev,0.1,ic_hedge_count,123,1111,11,77.85049504950496
Bars-Rev,0.1,ic_hedge_count,123,1111,12,101.24779477947794
Bars-Rev,0.1,ic_hedge_count,123,1111,13,125.04185418541854
Bars-Rev,0.1,ic_hedge_count,123,1111,14,147.0980198019802
Bars-Rev,0.1,ic_hedge_count,123,1111,15,165.93726372637263
Bars-Rev,0.1,ic_hedge_count,123,1111,16,181.3842484248425
Bars-Rev,0.1,ic_hedge_count,123,1111,17,193.8194419441944
Bars-Rev,0.1,ic_hedge_count,123,1111,18,203.87551755175517
Bars-Rev,0.1,ic_hedge_count,123,1111,19,212.417101710171
Bars-Rev,0.1,ic_hedge_count,123,1111,20,220.03834383438343
Bars-Rev,0.1,ic_hedge_count,123,1111,21,227.41395139513952
Bars-Rev,0.1,ic_hedge_count,123,1111,22,234.88937893789378
Bars-Rev,0.1,ic_hedge_count,123,1111,23,242.62088208820882
Bars-Rev,0.1,ic_hedge_count,123,1111,24,250.75346534653465
Bars-Rev,0.1,ic_hedge_count,123,1111,25,259.44473447344734
Bars-Rev,0.2,degree,246,988,0,1
Bars-Rev,0.2,degree,246,988,1,1.4591093117408906
Bars-Rev,0.2,degree,246,988,2,1.8661943319838057
Bars-Rev,0.2,degree,246,988,3,2.4780364372469634
Bars-Rev,0.2,degree,246,988,4,3.187246963562753
Bars-Rev,0.2,degree,246,988,5,4.246052631578947
Bars-Rev,0.2,degree,246,988,6,5.609514170040486
Bars-Rev,0.2,degree,246,988,7,7.490182186234818
Bars-Rev,0.2,degree,246,988,8,9.926012145748988
Bars-Rev,0.2,degree,246,988,9,13.072874493927126
Bars-Rev,0.2,degree,246,988,10,17.31983805668016
Bars-Rev,0.2,degree,246,988,11,22.824696356275304
Bars-Rev,0.2,degree,246,988,12,29.747267206477733
Bars-Rev,0.2,degree,246,988,13,38.07884615384615
Bars-Rev,0.2,degree,246,988,14,47.43775303643725
Bars-Rev,0.2,degree,246,988,15,57.59048582995951
Bars-Rev,0.2,degree,246,988,16,68.2169028340081
Bars-Rev,0.2,degree,246,988,17,79.0505060728745
Bars-Rev,0.2,degree,246,988,18,89.6337044534413
Bars-Rev,0.2,degree,246,988,19,99.73471659919028
Bars-Rev,0.2,degree,246,988,20,109.1836032388664
Bars-Rev,0.2,degree,246,988,21,117.76234817813766
Bars-Rev,0.2,degree,246,988,22,125.52378542510121
Bars-Rev,0.2,degree,246,988,23,132.61255060728746
Bars-Rev,0.2,degree,246,988,24,139.1422064777328
Bars-Rev,0.2,degree,246,988,25,145.33562753036438
Bars-Rev,0.2,hyperdegree,246,988,0,1
Bars-Rev,0.2,hyperdegree,246,988,1,1.5347165991902834
Bars-Rev,0.2,hyperdegree,246,988,2,2.105364372469636
Bars-Rev,0.2,hyperdegree,246,988,3,2.868724696356275
Bars-Rev,0.2,hyperdegree,246,988,4,3.976417004048583
Bars-Rev,0.2,hyperdegree,246,988,5,5.555161943319838
Bars-Rev,0.2,hyperdegree,246,988,6,7.993724696356275
Bars-Rev,0.2,hyperdegree,246,988,7,11.405668016194332
Bars-Rev,0.2,hyperdegree,246,988,8,16.28684210526316
Bars-Rev,0.2,hyperdegree,246,988,9,23.282793522267205
Bars-Rev,0.2,hyperdegree,246,988,10,33.00657894736842
Bars-Rev,0.2,hyperdegree,246,988,11,45.38836032388664
Bars-Rev,0.2,hyperdegree,246,988,12,59.65910931174089
Bars-Rev,0.2,hyperdegree,246,988,13,75.29615384615384
Bars-Rev,0.2,hyperdegree,246,988,14,91.3669028340081
Bars-Rev,0.2,hyperdegree,246,988,15,106.97014170040485
Bars-Rev,0.2,hyperdegree,246,988,16,120.89291497975708
Bars-Rev,0.2,hyperdegree,246,988,17,132.68765182186235
Bars-Rev,0.2,hyperdegree,246,988,18,142.47165991902833
Bars-Rev,0.2,hyperdegree,246,988,19,150.34402834008097
Bars-Rev,0.2,hyperdegree,246,988,20,156.68765182186235
Bars-Rev,0.2,hyperdegree,246,988,21,161.9735829959514
Bars-Rev,0.2,hyperdegree,246,988,22,166.4922064777328
Bars-Rev,0.2,hyperdegree,246,988,23,170.5080971659919
Bars-Rev,0.2,hyperdegree,246,988,24,174.2330971659919
Bars-Rev,0.2,hyperdegree,246,988,25,177.8664979757085
Bars-Rev,0.2,random,246,988,0,1
Bars-Rev,0.2,random,246,988,1,1.6486842105263158
Bars-Rev,0.2,random,246,988,2,2.5113360323886638
Bars-Rev,0.2,random,246,988,3,3.723178137651822
Bars-Rev,0.2,random,246,988,4,5.7105263157894735
Bars-Rev,0.2,random,246,988,5,8.953036437246963
Bars-Rev,0.2,random,246,988,6,13.915688259109311
Bars-Rev,0.2,random,246,988,7,21.6667004048583
Bars-Rev,0.2,random,246,988,8,33.57783400809716
Bars-Rev,0.2,random,246,988,9,50.40516194331984
Bars-Rev,0.2,random,246,988,10,71.30688259109311
Bars-Rev,0.2,random,246,988,11,95.93006072874493
Bars-Rev,0.2,random,246,988,12,122.83633603238866
Bars-Rev,0.2,random,246,988,13,149.85384615384615
Bars-Rev,0.2,random,246,988,14,175.0397773279352
Bars-Rev,0.2,random,246,988,15,198.125
Bars-Rev,0.2,random,246,988,16,218.7664979757085
Bars-Rev,0.2,random,246,988,17,237.63512145748987
Bars-Rev,0.2,random,246,988,18,255.23653846153846
Bars-Rev,0.2,random,246,988,19,272.194028340081
Bars-Rev,0.2,random,246,988,20,288.93714574898786
Bars-Rev,0.2,random,246,988,21,305.6517206477733
Bars-Rev,0.2,random,246,988,22,322.09645748987856
Bars-Rev,0.2,random,246,988,23,338.2288461538462
Bars-Rev,0.2,random,246,988,24,354.06781376518217
Bars-Rev,0.2,random,246,988,25,369.53006072874496
Bars-Rev,0.2,ept_total_strength,246,988,0,1
Bars-Rev,0.2,ept_total_strength,246,988,1,1.4604251012145748
Bars-Rev,0.2,ept_total_strength,246,988,2,1.8384615384615384
Bars-Rev,0.2,ept_total_strength,246,988,3,2.4473684210526314
Bars-Rev,0.2,ept_total_strength,246,988,4,3.1161943319838055
Bars-Rev,0.2,ept_total_strength,246,988,5,4.099291497975709
Bars-Rev,0.2,ept_total_strength,246,988,6,5.387955465587044
Bars-Rev,0.2,ept_total_strength,246,988,7,7.119635627530364
Bars-Rev,0.2,ept_total_strength,246,988,8,9.340587044534413
Bars-Rev,0.2,ept_total_strength,246,988,9,12.219028340080971
Bars-Rev,0.2,ept_total_strength,246,988,10,16.01244939271255
Bars-Rev,0.2,ept_total_strength,246,988,11,20.967914979757087
Bars-Rev,0.2,ept_total_strength,246,988,12,27.239473684210527
Bars-Rev,0.2,ept_total_strength,246,988,13,35.05080971659919
Bars-Rev,0.2,ept_total_strength,246,988,14,44.35617408906882
Bars-Rev,0.2,ept_total_strength,246,988,15,54.87014170040486
Bars-Rev,0.2,ept_total_strength,246,988,16,66.50941295546559
Bars-Rev,0.2,ept_total_strength,246,988,17,79.02550607287449
Bars-Rev,0.2,ept_total_strength,246,988,18,92.26467611336032
Bars-Rev,0.2,ept_total_strength,246,988,19,105.83562753036438
Bars-Rev,0.2,ept_total_strength,246,988,20,119.7169028340081
Bars-Rev,0.2,ept_total_strength,246,988,21,133.709008097166
Bars-Rev,0.2,ept_total_strength,246,988,22,147.72145748987853
Bars-Rev,0.2,ept_total_strength,246,988,23,161.72540485829958
Bars-Rev,0.2,ept_total_strength,246,988,24,175.82682186234817
Bars-Rev,0.2,ept_total_strength,246,988,25,189.9831983805668
Bars-Rev,0.2,ept_bridge_in_strength,246,988,0,1
Bars-Rev,0.2,ept_bridge_in_strength,246,988,1,1.4772267206477734
Bars-Rev,0.2,ept_bridge_in_strength,246,988,2,1.9050607287449393
Bars-Rev,0.2,ept_bridge_in_strength,246,988,3,2.5508097165991903
Bars-Rev,0.2,ept_bridge_in_strength,246,988,4,3.318016194331984
Bars-Rev,0.2,ept_bridge_in_strength,246,988,5,4.449696356275304
Bars-Rev,0.2,ept_bridge_in_strength,246,988,6,5.966497975708502
Bars-Rev,0.2,ept_bridge_in_strength,246,988,7,8.048886639676113
Bars-Rev,0.2,ept_bridge_in_strength,246,988,8,10.727631578947369
Bars-Rev,0.2,ept_bridge_in_strength,246,988,9,14.233603238866397
Bars-Rev,0.2,ept_bridge_in_strength,246,988,10,19.002732793522267
Bars-Rev,0.2,ept_bridge_in_strength,246,988,11,25.162348178137652
Bars-Rev,0.2,ept_bridge_in_strength,246,988,12,32.865587044534415
Bars-Rev,0.2,ept_bridge_in_strength,246,988,13,41.888967611336035
Bars-Rev,0.2,ept_bridge_in_strength,246,988,14,51.68168016194332
Bars-Rev,0.2,ept_bridge_in_strength,246,988,15,62.15759109311741
Bars-Rev,0.2,ept_bridge_in_strength,246,988,16,73.03127530364372
Bars-Rev,0.2,ept_bridge_in_strength,246,988,17,83.80465587044534
Bars-Rev,0.2,ept_bridge_in_strength,246,988,18,94.27793522267207
Bars-Rev,0.2,ept_bridge_in_strength,246,988,19,104.10242914979757
Bars-Rev,0.2,ept_bridge_in_strength,246,988,20,113.17682186234818
Bars-Rev,0.2,ept_bridge_in_strength,246,988,21,121.47935222672065
Bars-Rev,0.2,ept_bridge_in_strength,246,988,22,129.07226720647773
Bars-Rev,0.2,ept_bridge_in_strength,246,988,23,136.1085020242915
Bars-Rev,0.2,ept_bridge_in_strength,246,988,24,142.71862348178138
Bars-Rev,0.2,ept_bridge_in_strength,246,988,25,149.12186234817813
Bars-Rev,0.2,avg_hyperedge_size,246,988,0,1
Bars-Rev,0.2,avg_hyperedge_size,246,988,1,1.533502024291498
Bars-Rev,0.2,avg_hyperedge_size,246,988,2,2.080971659919028
Bars-Rev,0.2,avg_hyperedge_size,246,988,3,2.826821862348178
Bars-Rev,0.2,avg_hyperedge_size,246,988,4,3.8871457489878543
Bars-Rev,0.2,avg_hyperedge_size,246,988,5,5.412753036437247
Bars-Rev,0.2,avg_hyperedge_size,246,988,6,7.639574898785425
Bars-Rev,0.2,avg_hyperedge_size,246,988,7,10.720141700404858
Bars-Rev,0.2,avg_hyperedge_size,246,988,8,14.955263157894738
Bars-Rev,0.2,avg_hyperedge_size,246,988,9,20.89008097165992
Bars-Rev,0.2,avg_hyperedge_size,246,988,10,28.97419028340081
Bars-Rev,0.2,avg_hyperedge_size,246,988,11,39.52004048582996
Bars-Rev,0.2,avg_hyperedge_size,246,988,12,52.37004048582996
Bars-Rev,0.2,avg_hyperedge_size,246,988,13,67.35293522267206
Bars-Rev,0.2,avg_hyperedge_size,246,988,14,84.4494939271255
Bars-Rev,0.2,avg_hyperedge_size,246,988,15,103.11356275303643
Bars-Rev,0.2,avg_hyperedge_size,246,988,16,123.0174089068826
Bars-Rev,0.2,avg_hyperedge_size,246,988,17,143.58896761133605
Bars-Rev,0.2,avg_hyperedge_size,246,988,18,164.56417004048583
Bars-Rev,0.2,avg_hyperedge_size,246,988,19,185.71052631578948
Bars-Rev,0.2,avg_hyperedge_size,246,988,20,206.5256072874494
Bars-Rev,0.2,avg_hyperedge_size,246,988,21,226.85718623481782
Bars-Rev,0.2,avg_hyperedge_size,246,988,22,246.64706477732793
Bars-Rev,0.2,avg_hyperedge_size,246,988,23,265.63674089068826
Bars-Rev,0.2,avg_hyperedge_size,246,988,24,283.86852226720646
Bars-Rev,0.2,avg_hyperedge_size,246,988,25,301.3274291497976
Bars-Rev,0.2,ic_hedge_count,246,988,0,1
Bars-Rev,0.2,ic_hedge_count,246,988,1,1.499493927125506
Bars-Rev,0.2,ic_hedge_count,246,988,2,1.9837044534412955
Bars-Rev,0.2,ic_hedge_count,246,988,3,2.6781376518218623
Bars-Rev,0.2,ic_hedge_count,246,988,4,3.585728744939271
Bars-Rev,0.2,ic_hedge_count,246,988,5,4.876417004048583
Bars-Rev,0.2,ic_hedge_count,246,988,6,6.731477732793523
Bars-Rev,0.2,ic_hedge_count,246,988,7,9.362044534412956
Bars-Rev,0.2,ic_hedge_count,246,988,8,12.898886639676114
Bars-Rev,0.2,ic_hedge_count,246,988,9,17.81255060728745
Bars-Rev,0.2,ic_hedge_count,246,988,10,24.62064777327935
Bars-Rev,0.2,ic_hedge_count,246,988,11,33.496153846153845
Bars-Rev,0.2,ic_hedge_count,246,988,12,44.207287449392716
Bars-Rev,0.2,ic_hedge_count,246,988,13,56.15111336032388
Bars-Rev,0.2,ic_hedge_count,246,988,14,68.97176113360324
Bars-Rev,0.2,ic_hedge_count,246,988,15,82.04544534412956
Bars-Rev,0.2,ic_hedge_count,246,988,16,94.7253036437247
Bars-Rev,0.2,ic_hedge_count,246,988,17,106.46265182186235
Bars-Rev,0.2,ic_hedge_count,246,988,18,116.83795546558704
Bars-Rev,0.2,ic_hedge_count,246,988,19,125.82722672064777
Bars-Rev,0.2,ic_hedge_count,246,988,20,133.47874493927125
Bars-Rev,0.2,ic_hedge_count,246,988,21,140.24271255060728
Bars-Rev,0.2,ic_hedge_count,246,988,22,146.1847165991903
Bars-Rev,0.2,ic_hedge_count,246,988,23,151.66852226720647
Bars-Rev,0.2,ic_hedge_count,246,988,24,156.86751012145749
Bars-Rev,0.2,ic_hedge_count,246,988,25,161.83836032388663