dataset,strategy,p,K_removed,remaining_nodes,final_mean_infected_count,final_mean_infected_pct,auc_mean_infected_pct
Geometry,random,0.05,29,551,367.74869933454323,66.74205069592436,800.1202235829263
Geometry,avg_hyperedge_size,0.05,29,551,362.04597701149424,65.7070738677848,767.9038606592205
Geometry,ic_hedges_to_hdeg,0.05,29,551,360.4129461584997,65.41069803239559,745.8566122421644
Geometry,count_communities_in_hedges,0.05,29,551,351.52026618269815,63.79678152136083,720.20731157012
Geometry,count_ic_hedges,0.05,29,551,336.78415003024804,61.12235027772197,674.0640072551364
Geometry,responsibility_weighted_hdeg,0.05,29,551,336.44585601935876,61.060953905509756,673.8507448921446
Geometry,filtered_hyperdegree,0.05,29,551,336.44585601935876,61.060953905509756,673.8507448921446
Geometry,hyperdegree,0.05,29,551,336.44585601935876,61.060953905509756,673.8507448921446
Geometry,degree,0.05,29,551,332.0431941923775,60.26192272093965,663.0721462270106
Geometry,random,0.1,58,522,344.9192848020434,66.07649134138762,772.8660765402739
Geometry,avg_hyperedge_size,0.1,58,522,326.94533844189016,62.633206598063246,706.2385069704399
Geometry,ic_hedges_to_hdeg,0.1,58,522,322.6962962962963,61.819213849865186,674.2366768935668
Geometry,count_communities_in_hedges,0.1,58,522,305.09821200510856,58.44793333431199,620.5036870666412
Geometry,responsibility_weighted_hdeg,0.1,58,522,279.9358876117497,53.627564676580405,552.3941956224953
Geometry,filtered_hyperdegree,0.1,58,522,279.9358876117497,53.627564676580405,552.3941956224953
Geometry,count_ic_hedges,0.1,58,522,279.4832694763729,53.54085622152738,552.5967518582131
Geometry,hyperdegree,0.1,58,522,278.93908045977014,53.43660545206324,553.5052578010697
Geometry,degree,0.1,58,522,269.0992337164751,51.551577340320904,520.4679663148418
Geometry,random,0.2,116,464,286.091091954023,61.657562921125646,703.541852457392
Geometry,avg_hyperedge_size,0.2,116,464,261.5603448275862,56.37076397146255,605.9648731668648
Geometry,ic_hedges_to_hdeg,0.2,116,464,250.28304597701148,53.940311632976616,552.0742605529132
Geometry,count_communities_in_hedges,0.2,116,464,202.77112068965516,43.70067256242568,404.6835674296472
Geometry,hyperdegree,0.2,116,464,185.17471264367816,39.90834324217202,373.59210884859294
Geometry,responsibility_weighted_hdeg,0.2,116,464,185.0962643678161,39.89143628616726,373.91197854736424
Geometry,filtered_hyperdegree,0.2,116,464,185.0962643678161,39.89143628616726,373.91197854736424
Geometry,count_ic_hedges,0.2,116,464,174.48793103448276,37.605157550535075,347.02908244153787
Geometry,degree,0.2,116,464,133.63204022988506,28.80000867023385,249.45324886048357
