dataset,strategy,p,K_removed,remaining_nodes,final_mean_infected_count,final_mean_infected_pct
Geometry,degree,0.2,116,464,121.67478448275862,26.223013897146256
Geometry,PHG_core_boundary_strategy,0.2,116,464,167.78922413793103,36.16147071938168
Geometry,PHG_community_influence,0.2,116,464,169.18469827586208,36.46221945600475
Geometry,degree,0.1,58,522,239.78544061302682,45.9359081634151
Geometry,PHG_community_influence,0.1,58,522,250.40785440613027,47.970853334507716
Geometry,PHG_core_boundary_strategy,0.1,58,522,261.5463601532567,50.10466669602619
Geometry,PHG_community_influence,0.05,29,551,331.3941923774955,60.14413654763983
Geometry,PHG_core_boundary_strategy,0.05,29,551,332.01941923774956,60.25760784714148
Geometry,random,0.2,116,464,280.4284482758621,60.43716557669441
Geometry,degree,0.05,29,551,321.53865698729584,58.35547313744026
Geometry,random,0.1,58,522,310.47394636015326,59.477767501945074
Geometry,random,0.05,29,551,367.84954627949185,66.76035322676803
